tract,lat,lon,pop,jobs
48113012207,32.78478,-96.690724,7254,7252
48121020123,33.240559,-96.923211,6134,320
48113012210,32.811394,-96.691612,3930,100
48113010804,32.711888,-96.865248,4655,580
48113016535,32.66761,-96.915215,3757,228
48113016516,32.65559,-96.899511,5637,1281
48439105502,32.66121,-97.378482,5849,778
48121020111,33.172247,-96.872803,4402,313
48121021505,33.074733,-97.033599,6135,1694
48113019023,32.953647,-96.689898,5028,554
48113012102,32.768894,-96.66155,3274,484
48439123600,32.730841,-97.32847,3558,10887
48439105517,32.656572,-97.407574,3470,442
48439113630,32.846411,-97.144352,3769,595
48139060704,32.511102,-97.009735,4815,542
48439106507,32.765552,-97.249178,1943,436
48113000703,32.812038,-96.794475,3117,2194
48439101401,32.752515,-97.248765,5307,180
48139060216,32.53939,-96.860344,7922,796
48113008101,32.829932,-96.708818,1841,1901
48121021751,33.029159,-97.097933,4734,546
48113018147,32.864352,-96.586371,3737,194
48113019019,32.915787,-96.710348,7113,1211
48113019041,32.928975,-96.726362,2363,286
48439111304,32.595506,-97.123096,7225,1630
48113016629,32.596513,-96.929922,3158,1891
48113001203,32.802504,-96.744397,1370,79
48439113121,32.79844,-97.057195,1774,238
48439113912,32.933245,-97.201178,6662,3366
48113013013,32.87149,-96.72462,4410,556
48439106512,32.754783,-97.191479,4759,87
48113013621,32.959897,-96.806988,4423,402
48397040507,32.866255,-96.463485,4755,3750
48085031336,32.99214,-96.586968,5486,3072
48121021724,33.027417,-97.051647,4250,1187
48113014204,32.842945,-96.928508,2905,2490
48113010500,32.786535,-96.879866,3201,7487
48113017313,32.721885,-96.534575,3535,322
48085030517,33.161053,-96.72365,9512,3734
48085030534,33.179196,-96.691415,3173,1052
48113016418,32.692905,-97.03163,4724,488
48439105408,32.698869,-97.426417,2659,272
48085031724,33.006271,-96.820618,3004,154
48251130216,32.547391,-97.357441,4535,201
48121021746,33.061652,-97.100734,4365,1821
48439113640,32.911079,-97.161769,6108,2394
48085031321,33.005251,-96.506001,7121,414
48121021536,33.15502,-96.908111,6529,703
48139060801,32.442218,-96.975659,10690,2381
48113019040,32.935073,-96.726841,6968,14134
48113013725,32.9623,-96.850709,3748,6124
48121020315,33.07503,-97.157401,3424,1887
48113000100,32.815452,-96.737917,4473,1808
48113017010,32.681091,-96.582446,6573,459
48439113707,32.964682,-97.109629,4811,1245
48113017400,32.753873,-96.58948,5680,6654
48113012601,32.852826,-96.657928,5783,1514
48113019301,32.856086,-96.781778,3098,189
48085031411,33.077404,-96.632119,6037,619
48121021528,33.159488,-96.869435,2635,478
48439111543,32.649789,-97.125696,7433,815
48113001504,32.800136,-96.773644,2494,540
48439113221,32.853776,-97.203317,6021,1721
48113014160,32.872366,-96.997114,2760,771
48439114113,32.987709,-97.376914,4878,1462
48121020127,33.161615,-96.911978,7500,2153
48113007909,32.853531,-96.76485,2179,1317
48113008704,32.696107,-96.777473,3929,5638
48121020800,33.198621,-97.150996,6022,5089
48085031623,33.023047,-96.725802,2706,4858
48085031678,33.075365,-96.761138,3607,549
48113018203,32.900135,-96.611429,6636,938
48085031320,33.012453,-96.524397,6153,777
48113014151,32.906329,-96.9825,4424,8532
48113018155,32.969717,-96.556994,5526,637
48113005902,32.697665,-96.818587,4146,824
48121021414,33.209606,-97.063614,4853,1794
48439104502,32.708386,-97.325587,2873,2181
48439111544,32.638264,-97.124046,7438,915
48113019050,32.967665,-96.632269,2902,484
48113018151,32.948817,-96.60247,3960,1497
48139060217,32.415127,-96.803574,8698,1843
48085031634,33.061073,-96.725227,3022,122
48085031662,33.092865,-96.778553,4726,407
48085031647,33.037221,-96.837393,3273,8570
48251130100,32.443904,-97.534455,5661,1811
48113013607,32.956495,-96.777391,3538,729
48439105512,32.64563,-97.383003,4547,208
48113016536,32.668043,-96.897746,3193,1169
48121020133,33.194134,-96.895028,7591,412
48085031706,32.99282,-96.821535,2253,1278
48113018507,32.907145,-96.723324,3934,1084
48439102201,32.749415,-97.396804,3487,532
48439100202,32.802598,-97.340177,5428,5640
48113001802,32.800413,-96.805084,3390,10576
48439113930,32.880688,-97.335754,11980,2309
48113019213,32.937352,-96.75672,3232,887
48113000901,32.814787,-96.782928,2591,1009
48397040104,32.949406,-96.51345,3882,1335
48113014209,32.866149,-96.93116,4047,3352
48121021719,33.081661,-97.080993,5240,4210
48439113410,32.81823,-97.20315,4515,2770
48251130800,32.365475,-97.389602,4614,3200
48113020401,32.783375,-96.778553,2225,9305
48113011201,32.655911,-96.816382,3990,119
48439113636,32.913875,-97.102713,2505,2003
48085031509,33.091109,-96.725048,3873,544
48113014315,32.840184,-96.966121,3166,1609
48113018403,32.861522,-96.646193,1047,1920
48439114014,32.869636,-97.384018,6576,3799
48439104203,32.707815,-97.363672,4129,792
48085032015,33.027999,-96.673447,2380,248
48397040101,32.942218,-96.474056,7516,1541
48121021517,33.063414,-96.911409,4461,1881
48439105519,32.673739,-97.42422,4440,1783
48085031680,33.092597,-96.765712,3828,528
48439104701,32.692161,-97.33638,4544,158
48113016607,32.653074,-96.88472,3643,555
48113016301,32.717333,-96.983122,6801,186
48439113626,32.856948,-97.147666,3823,468
48113015206,32.805151,-96.96814,4205,243
48113009605,32.912198,-96.861455,3471,9841
48085030702,33.204535,-96.623916,4874,7761
48113006702,32.74276,-96.87772,2605,19
48439122100,32.72846,-97.086907,7072,9083
48113019302,32.84362,-96.781653,6342,4935
48113000902,32.810543,-96.778169,2812,462
48085031814,32.992093,-96.735772,1875,445
48085030201,33.26008,-96.555299,6175,1271
48439111025,32.630619,-97.362163,3571,103
48397040508,32.836244,-96.425064,3245,821
48251130416,32.462375,-97.210288,3988,444
48085031007,33.165444,-96.526225,6291,1020
48257050801,32.585604,-96.414905,4421,160
48439113110,32.76621,-97.090434,5153,3894
48439113948,32.902691,-97.265695,5402,681
48439110500,32.777009,-97.396904,7646,1603
48113019034,32.918548,-96.72863,4525,284
48439111552,32.69315,-97.138759,3614,695
48113018145,32.883777,-96.560714,4089,706
48439103701,32.72303,-97.278484,4308,142
48113000202,32.831048,-96.76574,3794,948
48113000407,32.819396,-96.830744,2083,283
48121020135,33.210734,-96.91849,6385,116
48139060221,32.506549,-96.912981,7591,302
48113016409,32.68043,-96.996799,3848,453
48439121904,32.725873,-97.059098,4724,1598
48113019039,32.943302,-96.70851,6606,10912
48113016412,32.662064,-96.997913,4487,910
48439105201,32.731549,-97.458115,6753,745
48113013300,32.90164,-96.796615,2064,1204
48113018105,32.921645,-96.620196,5880,1587
48113007101,32.845586,-96.816452,2164,1393
48113009701,32.888773,-96.876696,4675,5139
48085030407,33.126077,-96.832861,3868,1679
48113001102,32.818087,-96.757289,2405,619
48367140502,32.844008,-97.935495,5344,2046
48439111505,32.72694,-97.156541,4226,1479
48085031709,33.00166,-96.78236,4931,2883
48085030516,33.16405,-96.70566,7412,839
48113016637,32.636856,-96.887046,3186,314
48257050211,32.682155,-96.452347,9427,287
48113009203,32.738358,-96.673017,3609,292
48113018110,32.879175,-96.605923,5423,2467
48113012213,32.804345,-96.70473,2404,153
48113013901,32.932369,-96.893909,3283,1526
48397040304,32.910439,-96.459132,2380,3046
48113000409,32.823774,-96.840762,3919,7169
48439123500,32.723744,-97.315833,3598,1470
48439110903,32.690403,-97.423861,1793,1467
48439114003,32.869388,-97.349629,9398,4568
48113017706,32.774084,-96.588109,5224,628
48121021502,33.069352,-97.007499,4726,4105
48085031322,32.992798,-96.556249,8733,1586
48113008802,32.709902,-96.788336,5736,103
48113002500,32.786263,-96.747984,5701,1563
48439113622,32.873851,-97.125819,8244,2695
48439980000,32.923134,-97.093629,14,44443
48113007913,32.848657,-96.765061,3286,6703
48113013618,32.983395,-96.776435,3271,710
48439114205,32.872689,-97.528452,3634,1189
48113007812,32.892907,-96.744825,3212,796
48113018153,32.964827,-96.591752,6044,249
48085030609,33.204797,-96.653431,6776,2536
48113010001,32.818344,-96.856278,2600,65011
48085031412,33.139844,-96.634282,6555,1397
48085030301,33.233833,-96.69116,9945,1050
48439105800,32.665866,-97.342694,4538,454
48113004201,32.75492,-96.828706,4501,6570
48113013011,32.876046,-96.689779,4274,1754
48139061100,32.328629,-96.859486,5550,871
48439111409,32.637328,-97.151409,5573,544
48113008703,32.703157,-96.782144,3479,2
48121020206,33.263905,-97.31105,3311,1166
48367140416,32.803004,-97.589448,4595,430
48113016518,32.654268,-96.917751,5350,956
48085031425,33.092973,-96.63684,5725,251
48121021723,33.02401,-97.031819,1476,59
48113006002,32.697805,-96.831493,5669,361
48113012301,32.817144,-96.674436,4748,126
48085031006,33.145441,-96.480838,3460,303
48121021647,33.056021,-96.849699,4670,232
48439113955,32.977937,-97.138053,3512,2604
48113003103,32.780806,-96.795977,2508,20970
48113014502,32.822535,-96.956518,4511,7127
48113000705,32.819379,-96.791385,1848,3238
48121021618,33.044184,-96.997433,4351,8143
48121021639,33.029178,-96.875459,3403,243
48257050601,32.79761,-96.26763,3895,511
48113005200,32.740221,-96.850664,4051,523
48113007831,32.86559,-96.753636,2946,32
48113016524,32.574946,-96.976705,3078,1950
48113013624,32.94587,-96.818309,4106,334
48113013805,32.936414,-96.852249,4101,270
48121020136,33.202717,-96.945688,3648,87
48085031635,33.064207,-96.708218,4493,3500
48121021512,33.099947,-97.081615,4747,475
48113019214,32.943079,-96.764519,5284,457
48113001502,32.794219,-96.768263,2752,3071
48113019047,32.927668,-96.676896,3543,194
48439110301,32.794001,-97.261792,3828,5278
48085031202,33.004017,-96.393339,7224,961
48439114010,32.839701,-97.408804,6860,87
48121021640,33.035542,-96.876672,3132,946
48113017814,32.802413,-96.604223,5527,2863
48121021743,33.038851,-97.028043,3689,995
48113013619,32.969782,-96.793071,5414,604
48113014405,32.830631,-96.98636,4038,1081
48439105706,32.642369,-97.355923,3799,180
48085031629,33.045073,-96.723969,3398,539
48439113815,32.915589,-97.20445,6181,958
48439113941,32.980039,-97.284096,6046,1520
48113018700,32.900868,-96.638723,6720,325
48085031722,33.013975,-96.837876,2994,483
48439114015,32.865153,-97.372787,2521,478
48439106521,32.76839,-97.183386,4853,1651
48113007830,32.869148,-96.759855,2153,70
48121021716,33.051606,-97.021142,5550,3456
48121021735,33.008523,-96.985543,3346,1739
48439105518,32.656855,-97.416188,3379,3613
48257050209,32.764014,-96.442649,10849,1572
48439105203,32.720407,-97.467594,2410,1130
48113015208,32.788324,-96.972159,3747,21
48113016630,32.601444,-96.918442,6288,152
48121021413,33.138027,-97.035743,2841,902
48113009604,32.919659,-96.810981,4809,11071
48139061500,32.314352,-96.628326,5682,3038
48121021757,33.010222,-97.086282,3192,377
48439106519,32.765587,-97.22357,2046,808
48121021729,33.015138,-97.038807,3012,371
48439111558,32.700077,-97.10407,5889,459
48439113216,32.852187,-97.228775,6000,1658
48113010905,32.656477,-96.871451,2501,199
48121021641,32.995137,-96.848197,3656,275
48113016513,32.632356,-96.935426,5275,2097
48439105403,32.710235,-97.379676,6281,4704
48113014120,32.962051,-96.966526,5177,640
48251130219,32.50224,-97.314292,2722,182
48113007903,32.85055,-96.756276,2175,625
48121021526,33.165129,-96.854917,8280,3435
48439113635,32.916407,-97.111398,3976,102
48439106004,32.627034,-97.284843,8354,2843
48439111202,32.63075,-97.284838,6154,1967
48121021539,33.145478,-96.875495,8624,902
48121021518,33.079767,-96.899486,2884,1150
48439111566,32.602057,-97.044014,6264,175
48085032017,32.995833,-96.639934,5026,190
48397040403,32.976942,-96.355079,2681,423
48113018141,32.858721,-96.546947,4245,485
48113016406,32.702433,-97.009694,4919,352
48113000300,32.830511,-96.775428,4592,1430
48113019032,32.920183,-96.692695,4258,343
48113013005,32.874204,-96.70477,4295,1082
48121020314,33.115744,-97.25911,11860,1381
48085031414,33.116724,-96.622362,6149,398
48121020137,33.212356,-96.935484,3935,201
48085031611,33.048633,-96.706812,3919,4039
48113017900,32.820464,-96.652831,5412,598
48085031668,33.037873,-96.821216,3761,5704
48085031649,33.020585,-96.815366,5611,17101
48439110401,32.812124,-97.437733,4711,5008
48439111018,32.567392,-97.399318,2245,491
48113016302,32.715636,-96.989361,2123,59
48121020313,33.151841,-97.315686,5963,1293
48121020128,33.232224,-96.864116,11727,1002
48085031708,32.993792,-96.802492,3902,5066
48113019202,32.944904,-96.750075,4714,1128
48113009202,32.72722,-96.67248,6115,582
48139060106,32.466316,-96.701699,3619,559
48085031003,33.192371,-96.5269,12022,824
48085031673,33.064681,-96.793994,2817,918
48439122801,32.71425,-97.11199,3404,921
48439113210,32.88305,-97.203404,7622,804
48121021650,33.032796,-96.923483,5354,523
48121020320,33.021039,-97.32905,11167,13272
48113005700,32.699675,-96.800292,5522,556
48085031201,33.044803,-96.378601,7895,1347
48085030540,33.155145,-96.700055,4154,78
48367140409,32.91686,-97.633037,4233,47
48367140604,32.613492,-97.778408,3965,682
48085032014,33.019475,-96.671225,5347,192
48113006502,32.724916,-96.884553,3585,845
48085030606,33.162997,-96.65393,5597,1276
48439110906,32.670043,-97.462782,4429,1336
48113010002,32.777328,-96.816411,4174,496
48113006701,32.745235,-96.887712,4196,95
48113014157,32.932724,-96.983947,1914,7884
48139061000,32.172869,-96.907448,4538,766
48439111534,32.655193,-97.179291,6441,426
48113013102,32.887661,-96.781449,1928,178
48113014145,32.858842,-96.994539,1424,49
48113007826,32.873469,-96.734219,1698,309
48121021307,33.163933,-97.100733,4922,491
48439106202,32.708844,-97.247348,4869,229
48113009304,32.715988,-96.702438,6749,1204
48085031641,33.094666,-96.742376,6306,870
48439114110,32.932189,-97.383456,8809,1010
48251130418,32.545847,-97.109203,3004,625
48113014121,32.95799,-96.951165,5466,974
48439100401,32.793048,-97.366315,2064,200
48113017606,32.755651,-96.627508,5211,327
48085032018,32.990783,-96.67424,3595,66
48397040514,32.864224,-96.318302,2720,298
48113016525,32.567384,-97.009763,2452,168
48121021420,33.136501,-97.082388,3234,106
48439114105,32.959374,-97.465092,4099,934
48113013625,32.943951,-96.820382,2860,286
48113013804,32.921182,-96.858415,3404,855
48439122802,32.711753,-97.103104,4585,267
48439111033,32.607119,-97.397388,5135,512
48113016410,32.663515,-97.024482,4264,1851
48113019033,32.913585,-96.691891,4422,663
48113019046,32.920084,-96.67326,3691,350
48113016632,32.582802,-96.865696,3244,56
48439113120,32.800743,-97.086065,4423,312
48439122701,32.713139,-97.11864,2558,286
48113012400,32.828876,-96.684123,5156,401
48121021643,33.029982,-96.894524,4919,1877
48439122300,32.733145,-97.11317,5642,6095
48113001001,32.820671,-96.775918,1910,486
48439102700,32.740597,-97.376491,3279,807
48121021520,33.090265,-96.881585,3527,362
48139060211,32.447172,-96.903876,4062,888
48439111028,32.58507,-97.340823,7923,433
48113018144,32.937836,-96.524712,4458,118
48113019027,32.954497,-96.651322,6375,3130
48113019051,32.974086,-96.611424,5423,521
48113016511,32.626614,-96.950428,4335,152
48113016421,32.695066,-96.994874,3824,93
48439111307,32.583749,-97.145823,3540,4710
48439106503,32.751743,-97.208875,5483,952
48121020601,33.227941,-97.123099,5306,9471
48439113516,32.858084,-97.091233,4280,631
48367140202,32.741506,-97.781538,4622,5532
48439104601,32.712116,-97.269969,3814,166
48085031659,33.080389,-96.795907,2121,1315
48113016620,32.596718,-96.840374,5688,1320
48085031328,33.02644,-96.618239,3830,172
48113005100,32.736502,-96.842793,2551,121
48439106518,32.822517,-97.055279,5524,34012
48439104900,32.802447,-97.296258,3252,344
48439110808,32.671674,-97.514899,4752,1148
48439101302,32.730994,-97.220362,3074,843
48113014903,32.810731,-96.943752,3998,3066
48439105204,32.731734,-97.476997,3430,544
48113000501,32.811959,-96.81471,1950,702
48113007902,32.849133,-96.743588,5433,1137
48439121704,32.749612,-97.103989,3165,2641
48121020203,33.355747,-97.170233,5936,1554
48397040510,32.877078,-96.480049,4453,1701
48121021758,33.061571,-97.069094,3580,1773
48113018801,32.924864,-96.641462,4576,2190
48113001901,32.794116,-96.806993,4064,12220
48113007915,32.862859,-96.761455,2048,84
48439113217,32.844167,-97.2216,4516,1377
48439113633,32.88894,-97.113647,4291,1469
48113007301,32.858151,-96.815356,2108,12728
48113016414,32.670878,-97.010947,2163,756
48113014132,32.941235,-96.946903,2628,50
48113013716,32.969026,-96.903272,5078,3605
48439105404,32.686111,-97.384761,4257,1147
48113000704,32.807917,-96.797087,2971,3058
48113009803,32.877556,-96.872507,2051,1214
48439106600,32.801908,-97.426268,3291,1007
48439113936,32.906421,-97.297834,6682,475
48439123700,32.73248,-97.343513,3623,24131
48113016903,32.595144,-96.686871,6851,5173
48113016802,32.571755,-96.779978,5465,582
48113007605,32.888098,-96.810267,1501,1021
48139061300,32.34031,-96.716427,3627,406
48439111318,32.59141,-97.194151,5282,902
48121020311,33.004659,-97.227995,3628,6141
48113013729,32.947289,-96.89471,7353,2979
48113017007,32.662741,-96.564139,4983,112
48121021616,33.006886,-96.862693,4626,89
48121021748,33.044627,-97.079598,4254,1376
48121020115,33.167532,-96.977206,7156,734
48139060601,32.412742,-96.845872,5171,4303
48085031415,33.107559,-96.704207,4945,614
48085031633,33.068002,-96.72505,3636,30
48121021732,33.013758,-96.998321,2524,143
48113012900,32.854213,-96.707802,4828,653
48439113944,32.946398,-97.275598,5191,120
48121021412,33.157121,-97.044879,6183,1462
48251130222,32.531628,-97.328526,3342,1013
48121021419,33.143361,-97.062977,4699,383
48113010807,32.698197,-96.887581,4074,98
48113004700,32.746577,-96.831908,2551,3793
48113013617,32.981336,-96.795845,2953,1141
48439121611,32.676028,-97.21252,4589,1174
48439111320,32.581544,-97.050551,6068,288
48085031627,33.034604,-96.743078,4754,1214
48121021521,33.095236,-96.886501,4044,1044
48085031674,33.06262,-96.782957,5277,1380
48085031657,33.08239,-96.819675,2935,30467
48113012101,32.765671,-96.652806,3607,1818
48113016902,32.649615,-96.709738,7363,6230
48113018159,32.8066,-96.571238,5199,1435
48121021418,33.155563,-97.079691,4187,936
48113016203,32.711567,-97.011236,2189,470
48257050401,32.743327,-96.269811,3267,2967
48113005901,32.694144,-96.807982,5704,140
48121021752,33.025264,-97.08524,4851,211
48113013400,32.902202,-96.811111,2068,8080
48439113607,32.831845,-97.160845,4688,1111
48085031643,33.063935,-96.743397,4518,603
48113017500,32.756024,-96.606033,3823,700
48113011702,32.70787,-96.641343,5704,1055
48439105516,32.630622,-97.396389,2486,142
48439111010,32.606715,-97.498025,4246,598
48439113107,32.771646,-97.119376,2356,511
48085031624,33.023633,-96.758083,3532,4731
48257050207,32.799524,-96.478111,8412,99
48121020112,33.172724,-96.88769,3049,995
48439111516,32.662013,-97.123313,6595,6393
48251130412,32.467367,-97.110752,5690,829
48439113122,32.792702,-97.060242,3144,1051
48439110905,32.675116,-97.444219,4380,1178
48121021800,33.100448,-96.847414,4218,1908
48439106513,32.74047,-97.190202,2994,244
48113014408,32.826144,-97.004839,4373,1427
48113018802,32.913201,-96.640317,1566,3070
48439105703,32.654373,-97.363133,3814,1113
48085032012,33.035813,-96.691061,3662,712
48113011104,32.654824,-96.835516,3844,112
48113014205,32.853196,-96.938313,1925,9946
48439100101,32.788043,-97.300077,6019,264
48121020900,33.210789,-97.157262,3717,77
48439121702,32.752511,-97.092745,2221,18673
48113019211,32.968915,-96.733739,5077,10429
48113018900,32.922519,-96.656018,6363,4171
48113016204,32.716519,-97.004397,4156,698
48251130419,32.52485,-97.136878,3307,2459
48113017805,32.788365,-96.648713,6565,8778
48121021749,33.054075,-97.101598,3347,446
48113011101,32.657682,-96.847515,4458,610
48085032019,32.991065,-96.647855,2987,7578
48121021738,32.997243,-96.97427,3382,7942
48439113104,32.778339,-97.09153,3993,674
48439111568,32.619239,-97.108817,7295,351
48139060220,32.492022,-96.955171,3941,35
48113007206,32.861457,-96.864201,2325,792
48121020316,33.127331,-97.164399,3770,1591
48085030510,33.134439,-96.778805,3107,226
48085031660,33.090799,-96.798026,5418,960
48113010809,32.714672,-96.894612,5630,219
48113009609,32.902245,-96.847211,3184,452
48113011603,32.697223,-96.672056,3709,387
48113007801,32.875294,-96.778233,2430,10116
48439121606,32.71453,-97.182644,3381,700
48113019215,32.954828,-96.761919,2880,1113
48439105901,32.678415,-97.320472,4087,953
48367140603,32.649429,-97.864958,10166,887
48439111555,32.653197,-97.050724,4960,705
48439102301,32.727252,-97.437352,3388,4587
48113019400,32.846159,-96.790612,4290,2427
48113010904,32.671712,-96.878113,3714,2872
48113014704,32.823468,-96.929637,5742,699
48121020126,33.168251,-96.931678,3779,161
48113012000,32.755218,-96.656215,11383,88
48113007906,32.860115,-96.775799,2597,2191
48085031510,33.092407,-96.694829,6863,5020
48113009204,32.744663,-96.670294,3038,477
48085030102,33.326923,-96.39377,4282,331
48113016100,32.727796,-97.023428,3867,8511
48113008500,32.770661,-96.692763,4815,2050
48085031622,33.03404,-96.720505,6089,1586
48085031679,33.090823,-96.754034,2883,194
48113018402,32.871602,-96.642041,4417,1257
48367140201,32.749074,-97.799673,3193,3497
48439113808,32.875321,-97.24762,6404,714
48439100503,32.791863,-97.378444,2541,538
48113015406,32.767587,-97.030372,3505,86
48121020118,33.397362,-96.96227,4568,1011
48367140708,32.728908,-97.734762,4580,1344
48439121908,32.718978,-97.055019,1321,1731
48113013104,32.883808,-96.773601,1641,216
48439113007,32.723861,-97.039132,3243,3215
48113011801,32.727591,-96.641245,5632,206
48367140410,32.94572,-97.748963,4093,326
48113015304,32.807499,-97.00009,3986,4429
48113014203,32.844879,-96.946005,3441,329
48113016711,32.660941,-96.772807,2421,45
48113013606,32.957551,-96.794142,5434,783
48439122401,32.725552,-97.105437,2387,210
48113010704,32.733629,-96.90949,5242,246
48439113714,32.951038,-97.083076,3651,2407
48439113611,32.872111,-97.17814,4600,2071
48113009402,32.871421,-96.843,2660,299
48121020310,33.146614,-97.243495,4808,626
48113014124,32.91117,-96.974607,4971,47025
48439106525,32.804389,-97.198682,2077,71
48121020132,33.186134,-96.894189,5171,421
48113012802,32.852819,-96.687635,5009,1469
48113018401,32.872847,-96.654282,5222,2149
48113017203,32.733876,-96.60903,4808,2039
48113009105,32.737982,-96.691901,4038,450
48085031807,33.013618,-96.748728,5034,17539
48113014146,32.862827,-96.993974,2257,49
48439111525,32.687818,-97.115817,6425,13886
48439113637,32.848371,-97.124514,4355,919
48113014119,32.961541,-96.985305,4655,3549
48113006100,32.699087,-96.847058,4465,510
48113014314,32.864483,-96.969907,3103,2525
48113005000,32.73801,-96.831957,3395,2008
48439111410,32.665178,-97.214043,3957,398
48139060602,32.405693,-96.854054,4603,1259
48113006501,32.730287,-96.888398,5400,1721
48113015205,32.812427,-96.969332,3983,315
48121021619,33.027181,-96.979131,3182,11907
48439113945,32.945335,-97.263882,3743,508
48439111402,32.643041,-97.171184,6045,255
48439110302,32.787816,-97.282648,5308,1151
48439111405,32.638811,-97.22784,2725,2128
48113019501,32.857205,-96.799865,7096,2509
48113007821,32.872261,-96.755135,4095,476
48113009303,32.724486,-96.711131,4054,173
48251130501,32.299188,-97.192849,3614,558
48113015403,32.755636,-97.024325,3551,757
48085030206,33.290846,-96.581058,4565,770
48121021654,33.052451,-96.906422,3855,779
48439111022,32.568458,-97.372533,6628,2692
48113016622,32.555028,-96.837205,3907,256
48439100601,32.814531,-97.475083,2703,612
48439106300,32.715914,-97.237386,3448,207
48439101403,32.739952,-97.24362,5146,393
48113002400,32.794898,-96.756618,3477,496
48439113715,32.975557,-97.043253,4967,6430
48085030544,33.177189,-96.670571,5510,1109
48439123302,32.754883,-97.33429,6345,36322
48439100506,32.802372,-97.374802,5599,194
48113013628,32.953576,-96.823058,6306,74656
48439121615,32.752054,-97.138844,3859,947
48397040201,32.956785,-96.435238,1832,150
48439121905,32.709904,-97.0743,5403,746
48113019036,32.976492,-96.693204,2847,1053
48113019208,32.931218,-96.764824,5932,4162
48113002100,32.783409,-96.80126,2720,39235
48113002703,32.772683,-96.745058,5519,1192
48439111530,32.666869,-97.151551,6188,2222
48113017006,32.634873,-96.559346,5698,2680
48251130406,32.499167,-97.255897,6095,471
48121021611,32.994477,-96.899766,4424,794
48121021632,33.016266,-96.85984,3548,6063
48439113933,32.922876,-97.309619,2722,2347
48439113117,32.772452,-97.101145,2441,137
48121021540,33.130373,-96.881169,7330,937
48257050300,32.74747,-96.298386,4259,1869
48113017818,32.799941,-96.61747,3661,618
48439102500,32.721678,-97.405952,4287,551
48121021100,33.209735,-97.13724,3468,2590
48085031319,33.012233,-96.552912,4707,3210
48113011004,32.685088,-96.854297,2473,160
48113017101,32.693197,-96.596296,5987,618
48113004400,32.75964,-96.84463,3272,290
48113016615,32.576118,-96.933267,4218,185
48113016634,32.632894,-96.837833,3537,11392
48257050212,32.699046,-96.400604,5166,500
48113018130,32.839523,-96.627457,4532,1879
48085030307,33.294062,-96.747269,12663,1671
48139061200,32.241684,-96.727167,2173,370
48257050210,32.789961,-96.437551,2246,270
48113018133,32.898449,-96.571241,3916,3521
48113016534,32.685673,-96.900349,3588,3158
48085031323,32.994061,-96.534241,5369,2646
48121021739,33.019536,-96.989131,3596,855
48113017307,32.754085,-96.55739,4383,145
48113005300,32.734148,-96.860788,6579,195
48085030303,33.232881,-96.778594,10198,2946
48085030521,33.181177,-96.776154,5252,194
48121021652,33.039774,-96.911647,4283,379
48439114204,32.897362,-97.529858,7228,1237
48085031719,32.993925,-96.774788,1717,220
48439113709,32.88887,-97.089422,5527,4616
48113016531,32.640076,-96.914499,3425,404
48439121609,32.685099,-97.213945,6092,272
48085031413,33.121461,-96.638163,6839,703
48121020506,33.252875,-97.080069,1964,1304
48121020130,33.184346,-96.960953,2265,1243
48113011105,32.652358,-96.826986,4726,131
48113017819,32.816528,-96.633411,2551,1834
48113018152,32.939478,-96.614866,6203,3058
48085030901,33.21743,-96.606507,2335,3526
48439114009,32.860983,-97.414349,7464,439
48113018600,32.900757,-96.656612,3948,2487
48085031314,33.066936,-96.559297,6001,660
48085031424,33.089167,-96.656182,2875,537
48121021722,33.043089,-97.055102,4150,9622
48113006001,32.707999,-96.836191,3790,236
48439111315,32.599789,-97.0871,4575,206
48121020134,33.204353,-96.901528,5500,271
48439104301,32.705832,-97.356139,3148,4530
48121021648,33.041337,-96.85114,3104,553
48439113954,32.960408,-97.198851,3963,9485
48439102000,32.75207,-97.35508,4824,22620
48121020119,33.178117,-96.918758,4605,68
48121021638,32.995731,-96.86923,4048,88
48113018126,32.858565,-96.631768,6894,216
48085030541,33.153085,-96.689889,4468,1138
48113018148,32.858738,-96.596988,5372,742
48439110600,32.758334,-97.416045,2585,1199
48113009611,32.901755,-96.87665,3497,686
48139060500,32.386258,-96.858235,3350,3781
48113010701,32.755355,-96.902109,5543,10073
48085031418,33.130917,-96.673525,7110,4006
48085031636,33.064447,-96.760929,6554,1118
48121021513,33.089806,-97.04517,3739,389
48085031664,33.075298,-96.781212,3869,256
48085031645,33.050424,-96.837886,2017,1918
48113012702,32.84002,-96.675919,3049,544
48085031512,33.096587,-96.652974,3466,499
48113013007,32.871771,-96.694175,3510,380
48113014161,32.862277,-97.012195,3122,973
48121021742,33.033109,-97.030933,6441,857
48113014406,32.823011,-96.982443,4686,1466
48439105705,32.642686,-97.364114,5295,1376
48439113302,32.804363,-97.233332,4297,1719
48085031628,33.052616,-96.720445,3472,286
48439100300,32.803001,-97.359366,5705,1761
48113013610,32.932783,-96.77538,4797,1100
48121020121,33.23784,-96.977582,7156,866
48121021622,33.010584,-96.922318,6092,920
48439111533,32.654019,-97.148584,5066,665
48367140101,32.754506,-97.758503,4503,1010
48439113908,32.931549,-97.170115,5930,1937
48113021100,32.736285,-96.790902,4087,1021
48139060300,32.396993,-96.83234,4221,338
48113007810,32.905933,-96.737844,5286,5741
48113000802,32.811996,-96.787589,3294,3740
48257050703,32.579559,-96.196544,3116,166
48085031682,33.053155,-96.759903,3662,1554
48085031420,33.132854,-96.581339,3446,261
48439101700,32.749779,-97.311026,2347,1490
48113006301,32.714604,-96.846981,5695,663
48257050602,32.736129,-96.143838,4629,1009
48439113950,32.925597,-97.270247,7052,3195
48439111538,32.670458,-97.05102,6329,1031
48139060215,32.521678,-96.839632,3824,687
48439111308,32.570017,-97.128704,1717,6470
48113009603,32.918042,-96.829313,4454,2877
48085030505,33.10644,-96.814595,5903,15180
48439114207,32.782339,-97.502143,7302,1613
48113016806,32.597624,-96.789455,5636,460
48439113713,32.922698,-97.109258,1877,14652
48085031630,33.078846,-96.730259,4466,323
48113010906,32.657622,-96.864799,4528,1122
48113000201,32.832632,-96.757354,3173,1275
48121020700,33.216554,-97.149081,3543,3002
48113016803,32.597817,-96.767248,6580,1998
48439113213,32.831566,-97.224026,3786,3011
48439111023,32.611207,-97.376598,7168,143
48251130414,32.367761,-97.244831,2438,468
48367140712,32.745095,-97.694727,2527,268
48439106005,32.643608,-97.326299,3854,616
48439111203,32.591866,-97.295122,7033,3462
48439113109,32.767937,-97.076549,4193,11823
48121021750,33.027024,-97.09374,5127,2668
48113006200,32.722879,-96.833754,6217,1192
48397040303,32.914035,-96.468196,3844,1247
48439104204,32.715769,-97.362051,2388,1188
48121020319,33.056015,-97.339006,6920,3204
48113018142,32.845771,-96.561165,3916,64
48113016407,32.70448,-96.996326,6796,5425
48113014208,32.864953,-96.93633,2706,11045
48113011604,32.688551,-96.653984,3939,401
48439102402,32.710222,-97.430306,4668,1192
48113014313,32.875322,-96.956165,3582,13637
48113019018,32.92453,-96.712628,5157,134
48121020504,33.266116,-97.122142,3959,58
48085031813,32.991484,-96.752366,5232,8864
48439111562,32.63137,-97.074698,5194,511
48113001705,32.794661,-96.79993,3113,26164
48113009804,32.872163,-96.869234,7233,976
48113019600,32.831253,-96.787617,2369,185
48113014141,32.936865,-96.948352,2144,937
48085031504,33.108027,-96.638516,7033,563
48113018137,32.859037,-96.563924,4145,185
48113016616,32.566561,-96.948591,6403,1381
48113016635,32.642901,-96.873754,4022,5590
48257050213,32.724586,-96.434897,6733,3459
48113014001,32.919121,-96.884859,4274,9110
48085030306,33.292206,-96.800849,11608,2191
48113015900,32.737072,-96.990295,3509,1177
48113007102,32.843689,-96.828853,5441,2815
48257050500,32.723626,-96.289255,5524,6141
48113014602,32.82678,-96.93857,4883,1158
48113015202,32.820931,-96.970729,3525,529
48113014134,32.983675,-96.981892,4156,807
48439113920,32.884985,-97.266992,5474,879
48121021410,33.121097,-97.05532,4580,933
48439110104,32.832713,-97.261098,3859,137
48367140408,32.892497,-97.584697,5820,945
48251130411,32.47832,-97.16756,4766,252
48439123001,32.740189,-97.428351,3415,2160
48367140300,32.753791,-97.815353,6254,2421
48121020404,33.25519,-97.141739,4822,269
48085030607,33.180966,-96.65543,5200,1911
48113001302,32.800305,-96.762399,2608,143
48113015404,32.74869,-97.029159,4446,533
48113010003,32.797588,-96.829265,3254,52796
48113014156,32.939246,-96.96385,4158,489
48397040411,32.962289,-96.309627,2091,566
48121020507,33.248956,-97.124585,3479,49
48439113625,32.863493,-97.145756,3461,435
48121020110,33.184769,-96.876599,5733,1057
48439106102,32.675095,-97.250985,5415,1413
48439113940,32.954768,-97.293483,7765,480
48367140413,32.970357,-97.576777,3380,165
48439113917,32.866443,-97.272574,7570,234
48113007827,32.88542,-96.730564,2784,30
48121020208,33.304304,-97.263635,3397,403
48113002002,32.753759,-96.816005,2473,228
48439111314,32.557351,-97.064381,7064,211
48113001204,32.798745,-96.748329,2284,112
48113014319,32.882624,-96.967621,2664,2153
48121021649,33.012153,-96.939481,3406,456
48439100402,32.786559,-97.363039,4920,81
48113017806,32.800941,-96.656217,5228,1936
48085031632,33.076145,-96.70234,5532,990
48121021637,32.995461,-96.861753,4215,1131
48085030542,33.141463,-96.720764,8325,4925
48113007833,32.866536,-96.747207,2539,1074
48113016526,32.639952,-96.94802,3710,95
48439114106,32.894916,-97.412134,6768,1948
48251130302,32.363044,-97.420813,5595,8163
48439111032,32.622642,-97.397325,7330,539
48113018205,32.88791,-96.617042,4355,165
48113019049,32.941809,-96.65593,4092,202
48113016633,32.585607,-96.883345,6305,849
48121021655,33.055684,-96.867082,2323,3969
48251130220,32.528839,-97.298687,5759,4663
48257051301,32.396619,-96.146798,6469,2692
48439113119,32.784435,-97.07439,4348,441
48439111567,32.61973,-97.122665,5831,2691
48113012604,32.849148,-96.645793,5626,425
48139060212,32.435321,-96.825633,7406,4910
48113019026,32.937796,-96.638129,5534,1222
48113019052,32.982934,-96.707485,1102,12530
48439111513,32.657065,-97.068204,4157,6611
48085032003,33.024717,-96.690562,6019,1823
48113000410,32.834887,-96.855709,4854,1393
48439106523,32.818462,-97.069318,4691,3494
48113007601,32.887654,-96.832334,1894,622
48439110204,32.821254,-97.281209,7560,4019
48439113612,32.859238,-97.169452,4520,1263
48121021642,32.990251,-96.848098,3468,761
48439113408,32.816942,-97.175881,5862,856
48085031681,33.045389,-96.761736,2619,753
48439110809,32.665486,-97.497603,2521,90
48439101301,32.74167,-97.215755,5498,567
48113016624,32.577074,-96.919644,3436,239
48439113953,32.960698,-97.235144,7238,535
48113000502,32.804986,-96.808513,2491,8034
48439122902,32.710244,-97.089333,3583,2503
48085031713,33.002454,-96.825146,4572,481
48121021411,33.121485,-97.022919,7284,1413
48113011401,32.674693,-96.768752,5935,190
48367140412,32.924463,-97.57634,4185,1109
48113002001,32.760679,-96.818647,2726,736
48113013622,32.948187,-96.810035,2672,3739
48113001902,32.790499,-96.81031,5978,7842
48121021727,33.005822,-97.050068,5383,7181
48439121610,32.687723,-97.193827,2533,778
48439113218,32.868303,-97.194653,3327,1953
48085030512,33.131072,-96.743603,4566,1138
48085030537,33.196778,-96.75953,7579,229
48113016415,32.65995,-97.009236,4858,136
48113013717,32.959884,-96.902515,2671,4729
48439105405,32.697706,-97.408338,5964,10757
48113009802,32.871678,-96.860156,5582,1030
48439113939,32.945565,-97.294434,4202,293
48139061401,32.327819,-96.647134,2354,191
48121021745,33.031731,-97.00873,5924,656
48121020117,33.315865,-96.991162,2285,816
48113007604,32.886974,-96.794659,3078,292
48113011103,32.667835,-96.831494,3948,183
48121021516,33.095826,-96.90511,6585,277
48139060802,32.445084,-97.007779,8744,6275
48113013728,32.942575,-96.883539,5064,284
48113018143,32.948818,-96.537977,6836,431
48113013500,32.902167,-96.830072,2562,806
48113007815,32.87691,-96.757222,5080,1942
48113018128,32.853394,-96.605576,5913,640
48439123200,32.766905,-97.329438,3121,4528
48439102401,32.722015,-97.417168,4409,3579
48439113509,32.845349,-97.091385,4784,1124
48439113212,32.829818,-97.242833,4343,978
48113008402,32.777445,-96.714537,4322,449
48085031416,33.116686,-96.718006,10717,744
48085031008,33.096887,-96.506118,3229,257
48121021733,33.007131,-96.997893,3244,361
48439111563,32.642025,-97.050455,5127,901
48439113811,32.846903,-97.254734,3871,4452
48121021900,33.123382,-96.85444,5762,938
48113000610,32.825256,-96.825965,1926,239
48113005400,32.726093,-96.816962,5402,485
48397040404,32.939659,-96.38683,2835,690
48113018146,32.887777,-96.576955,3564,92
48085031335,32.995143,-96.60497,6108,579
48251130221,32.521345,-97.329937,3420,1414
48113015405,32.767431,-97.016049,2322,792
48113010806,32.698962,-96.867561,3512,94
48113012701,32.849204,-96.673553,6462,961
48139060104,32.529111,-96.647976,3885,1405
48085031626,33.023388,-96.741635,2342,1043
48085031675,33.053586,-96.782677,3107,672
48085031654,33.038243,-96.782051,3768,403
48439106400,32.690396,-97.232585,3913,1671
48397040407,32.949433,-96.393673,2912,113
48121020322,33.017681,-97.216371,7662,2346
48121021417,33.146871,-97.09105,2615,380
48113019205,32.973021,-96.762068,4588,3519
48121021741,33.024114,-97.017229,1948,216
48257050402,32.756737,-96.278749,4496,104
48439113003,32.777687,-97.05328,2204,18454
48439111311,32.599517,-97.102574,7553,1204
48085030410,33.153287,-96.824897,4349,11865
48085031661,33.100366,-96.782992,3695,1801
48085031642,33.07978,-96.743329,4496,788
48439105511,32.634523,-97.379516,5976,758
48439113803,32.887043,-97.246916,5489,1616
48439111030,32.561315,-97.330679,4313,2533
48439104504,32.690513,-97.31296,3159,567
48113019210,32.98153,-96.731082,4338,2756
48113020000,32.981541,-97.004902,5779,7565
48113014159,32.905375,-96.996452,3014,28565
48439111306,32.575291,-97.158883,6298,4086
48439111522,32.699283,-97.089164,7933,549
48251130413,32.411206,-97.104374,4007,1064
48113014128,32.9334,-96.956256,4257,369
48113014409,32.828681,-97.021397,2396,3215
48085032013,33.053606,-96.688497,6801,2764
48113019101,32.942365,-96.73515,1438,11784
48439113942,32.964603,-97.272859,6038,1387
48121021529,33.159927,-96.880935,4845,372
48113009101,32.75552,-96.691314,5736,885
48439121703,32.750758,-97.113627,5150,3974
48113020402,32.774476,-96.790073,6079,18883
48085030701,33.218747,-96.622677,3363,7102
48439111529,32.698108,-97.175466,4000,257
48439113618,32.829106,-97.142468,6244,2041
48113014318,32.852658,-96.960884,2817,591
48439114011,32.834545,-97.417104,7156,507
48439113108,32.768196,-97.134276,4582,649
48439105008,32.854716,-97.324611,8379,3991
48085032016,33.003896,-96.647776,2716,2323
48439111569,32.686608,-97.089217,4327,605
48113980100,32.839241,-96.852446,40,20338
48113011901,32.741885,-96.655169,4771,225
48439104702,32.679767,-97.337062,3281,2195
48121020317,33.080479,-97.214106,5098,486
48439111031,32.615961,-97.420038,2906,192
48439102601,32.726794,-97.394107,3886,5017
48085031903,32.999822,-96.693834,1280,3239
48113009608,32.915285,-96.847083,3218,1483
48113005600,32.713191,-96.820548,7020,165
48113001202,32.806025,-96.734095,3616,372
48439102101,32.754339,-97.370519,2328,3584
48439111554,32.662065,-97.049978,4971,98
48121020405,33.254984,-97.213421,4681,3800
48257051000,32.592802,-96.296277,1565,515
48439102302,32.706328,-97.445018,5741,990
48113009900,32.891627,-96.9115,6273,38955
48439113810,32.855784,-97.249765,4808,1489
48085030202,33.306567,-96.630004,6345,633
48439111026,32.621698,-97.363461,5680,37
48113019025,32.946054,-96.629764,4912,159
48113019053,32.970482,-96.716007,1657,19139
48257050802,32.580827,-96.460227,7372,605
48121020603,33.221633,-97.115004,3469,289
48439111551,32.605976,-97.130667,7440,1581
48439111572,32.684567,-97.039821,3478,401
48439113514,32.830228,-97.091713,5183,1622
48121021301,33.197886,-97.12842,3966,2292
48439113809,32.866,-97.252533,4731,1483
48439110205,32.850689,-97.284455,5490,1018
48439113206,32.817552,-97.249252,5609,1044
48367140709,32.683188,-97.643167,6416,624
48113013106,32.893673,-96.775148,1340,69
48085031720,32.988446,-96.772469,3759,311
48439113006,32.730596,-97.052412,1818,625
48439113952,32.939003,-97.234764,5462,1684
48113018120,32.931618,-96.601737,5142,349
48439104603,32.686393,-97.27168,3980,554
48113006401,32.726452,-96.863626,2352,10
48113007203,32.85553,-96.87554,3144,517
48113015305,32.810249,-96.984173,4460,1317
48113009702,32.888582,-96.862743,3245,2435
48085030404,33.144414,-96.792307,5535,788
48113013609,32.94607,-96.774293,3993,1736
48439122402,32.727085,-97.120449,5731,4451
48113019800,32.829234,-96.81231,4529,3093
48085031334,32.992198,-96.617858,2877,153
48085031704,32.991307,-96.837244,3625,1160
48439103602,32.724834,-97.231958,2373,349
48113018121,32.919415,-96.604695,5764,75
48085030515,33.16673,-96.689256,6444,194
48085030536,33.183122,-96.759937,7209,273
48121020109,33.191797,-96.864481,8988,1557
48085031508,33.113886,-96.657703,6124,6039
48113013902,32.931653,-96.881048,4278,2735
48439122001,32.724428,-97.070949,4132,91
48113020900,32.757314,-96.772767,2751,860
48439113919,32.883432,-97.280698,7407,516
48113016521,32.681278,-96.94391,7794,6733
48121021202,33.206166,-97.119732,4060,2888
48113014147,32.855293,-97.013508,2105,221
48121021633,33.017865,-96.877706,4261,597
48439113634,32.894907,-97.135421,5084,2915
48113014139,32.858575,-97.002363,2949,257
48113017808,32.829196,-96.605458,5146,753
48113013727,32.969316,-96.839197,3790,16910
48113017315,32.712088,-96.596644,7379,454
48439113223,32.842424,-97.208109,3413,1135
48439101202,32.769554,-97.298892,4975,6435
48113004202,32.751909,-96.847077,2317,358
48397040405,32.96122,-96.361192,2810,1689
48113013012,32.871356,-96.71362,2602,602
48121021626,33.067277,-96.850598,2434,508
48439111406,32.605477,-97.155728,4466,1406
48121020605,33.223103,-97.092734,2680,880
48113019502,32.843772,-96.808175,4457,1945
48113007822,32.876927,-96.766948,2110,17922
48121020205,33.324773,-97.08601,1784,240
48367140415,32.836972,-97.676819,4063,262
48121021720,33.065658,-97.052617,3187,584
48439121613,32.742275,-97.14659,4332,485
48085030207,33.325455,-96.5496,14195,1400
48113016628,32.581177,-96.846657,5131,1606
48113016621,32.568363,-96.843554,7560,121
48121021644,33.039718,-96.891731,2202,184
48439113958,32.922481,-97.141539,2479,394
48251130210,32.443711,-97.350127,5949,513
48113014501,32.830985,-96.9686,3471,837
48113000706,32.825669,-96.786792,2252,3520
48439103601,32.726425,-97.246138,2536,81
48121021416,33.147683,-97.099941,4491,528
48439113522,32.85506,-97.06818,2073,69
48085030545,33.186454,-96.677334,3034,474
48113017812,32.817821,-96.621108,2438,851
48113008102,32.818263,-96.710609,4647,1342
48121021530,33.077548,-96.880054,3754,2044
48113013629,32.941075,-96.81069,2217,15
48439121614,32.739943,-97.135374,2863,1047
48113013808,32.944194,-96.864438,2856,2280
48439113938,32.898229,-97.301314,2280,126
48439123100,32.737929,-97.311123,3886,1223
48113019037,32.965715,-96.690011,3531,552
48251131100,32.345844,-97.401628,5391,1903
48113019042,32.971723,-96.654947,8230,1112
48367140711,32.765427,-97.702342,7048,2859
48139060702,32.493615,-96.965532,5837,3192
48121020131,33.203647,-96.987443,8184,690
48439113932,32.923543,-97.33963,8209,9387
48439113116,32.779097,-97.065153,4400,949
48113009104,32.745662,-96.692237,3529,212
48113017817,32.803215,-96.61931,3222,6152
48439111559,32.694725,-97.114583,2616,4280
48439105701,32.663668,-97.361754,4026,253
48085031318,33.023916,-96.553005,5832,448
48085030801,33.17403,-96.633782,4521,4312
48113015600,32.752759,-96.984192,5087,830
48439113816,32.918145,-97.236199,5515,1112
48085030518,33.165762,-96.752058,9638,1147
48085030539,33.196091,-96.741994,5448,572
48085031102,33.102324,-96.387756,6507,533
48139060206,32.525736,-96.810974,7461,1993
48439104202,32.695131,-97.368649,3231,726
48121021421,33.135413,-97.059776,3895,975
48439106700,32.827073,-97.430231,2166,253
48113018002,32.824731,-96.63785,3745,124
48439114012,32.869739,-97.405166,9715,403
48439106524,32.815861,-97.098108,4584,2467
48113013611,32.977607,-96.815877,2887,3518
48439110706,32.760842,-97.464741,3761,1403
48113000607,32.820398,-96.806593,2144,998
48085031324,33.041086,-96.649066,4567,526
48121021736,33.000683,-96.985462,2527,889
48439113407,32.816848,-97.15968,5684,512
48439121907,32.723775,-97.052715,4071,72
48139061700,32.339492,-96.549403,5121,2571
48113010101,32.784742,-96.850013,5069,195
48085031718,32.991377,-96.787386,2479,1033
48113002200,32.790326,-96.783525,2860,17092
48113009607,32.902247,-96.864816,3559,1270
48113011601,32.70607,-96.691567,4492,180
48121021754,33.097173,-97.1273,4029,684
48439121608,32.700999,-97.189629,5120,368
48439111557,32.698708,-97.076793,3054,68
48439100800,32.776341,-97.35938,5523,159
48439100900,32.780204,-97.350246,1854,2504
48251130303,32.384403,-97.323441,4540,2912
48113004800,32.744435,-96.817845,2461,1068
48113016420,32.691365,-97.010207,3168,63
48113018138,32.849965,-96.582549,4985,613
48113009610,32.905113,-96.8832,4623,2830
48113008701,32.703238,-96.763556,5132,44
48113014603,32.824153,-96.946457,1890,458
48113007914,32.842738,-96.767233,3499,5642
48085031423,33.079444,-96.650701,2899,132
48121021721,33.055683,-97.051969,3680,40
48439111571,32.686486,-97.053433,4736,2963
48113014150,32.923563,-96.972995,1676,5816
48085031308,33.038182,-96.552912,6999,2387
48113007910,32.85654,-96.762286,2953,527
48113014152,32.903687,-96.963677,3369,6658
48121020116,33.28379,-96.983811,5760,1389
48439110703,32.748771,-97.469866,5894,110
48251130211,32.481127,-97.352403,7138,1397
48113007823,32.890109,-96.764838,2976,5932
48439122500,32.728543,-97.140339,4176,1017
48439113005,32.749763,-97.037821,2387,18924
48113018300,32.886406,-96.642239,7632,745
48439104602,32.698922,-97.271756,5043,37
48113016704,32.618205,-96.774383,4485,71
48085031419,33.112617,-96.588839,4929,1006
48085031005,33.194233,-96.494043,3126,1210
48121021531,33.090851,-96.86932,4887,796
48085031667,33.034923,-96.800749,3340,1882
48113005500,32.722994,-96.802529,4134,190
48085030405,33.133813,-96.796869,4546,11074
48113013608,32.938382,-96.79468,2570,1628
48113018149,32.920212,-96.525544,3970,479
48113018508,32.902855,-96.718487,1429,22
48085031901,33.007052,-96.672624,2817,7073
48439111029,32.564151,-97.342005,7673,168
48439100201,32.802278,-97.330168,4922,125
48113012211,32.803379,-96.688664,4513,1143
48113014407,32.830415,-97.001201,5461,2122
48113014410,32.828737,-97.012427,2719,265
48113007805,32.902072,-96.755553,3225,2213
48113013630,32.944508,-96.806844,2154,250
48113980200,32.981732,-96.749408,3858,27
48397040202,32.94784,-96.454353,5788,623
48113014148,32.844731,-97.013991,3367,3581
48439111532,32.660453,-97.198083,7258,2699
48251130700,32.358665,-97.403202,4615,75
48367140102,32.769878,-97.788538,4623,1341
48113014138,32.899874,-96.935226,4621,511
48121021203,33.20677,-97.101561,3798,2105
48251130217,32.537594,-97.350238,3243,319
48439104802,32.67753,-97.352861,5262,186
48113001400,32.806888,-96.762837,3377,839
48085031812,32.993074,-96.763088,2055,1236
48113000611,32.821537,-96.821009,2428,1581
48113007819,32.866189,-96.759906,2275,1552
48439102202,32.739544,-97.394223,2812,1455
48113020300,32.770588,-96.768971,2784,2642
48113016805,32.599789,-96.813435,2928,2534
48439113629,32.844594,-97.149692,4284,7490
48085030504,33.107621,-96.832827,4417,18723
48113019700,32.833473,-96.795112,1966,2553
48085031670,33.081688,-96.828542,1428,42105
48121020604,33.221521,-97.102898,4055,124
48439113712,32.934746,-97.076792,5003,17453
48439100700,32.768239,-97.389017,5077,1216
48121021304,33.174064,-97.130049,6440,1475
48113020500,32.785397,-96.865059,5259,4582
48439106201,32.707578,-97.258535,3894,185
48113009301,32.728274,-96.693228,4786,333
48085030204,33.357593,-96.562893,7554,778
48085030507,33.111389,-96.783343,1810,1091
48113013201,32.917181,-96.795765,2754,5762
48121020204,33.386384,-97.196606,5554,2731
48251130415,32.411409,-97.246522,4646,1909
48439122002,32.731719,-97.071166,4479,174
48113017605,32.753867,-96.643978,3941,42
48439111545,32.692979,-97.158664,2528,810
48439111564,32.621139,-97.062668,5533,211
48085031331,33.025357,-96.591113,4990,217
48113004500,32.744266,-96.866336,5409,629
48113021200,32.744539,-96.937149,5716,1187
48113000408,32.817947,-96.824168,2188,152
48113013807,32.929223,-96.867181,2778,83
48439111015,32.572479,-97.351968,3047,1918
48113019216,32.970519,-96.749635,3992,429
48367140710,32.667631,-97.63233,4328,737
48113019045,32.9237,-96.703103,3153,196
48113013720,32.980127,-96.886521,5613,1866
48113018505,32.906675,-96.714367,3876,156
48121021306,33.176137,-97.103924,3116,1981
48439104605,32.695427,-97.294246,4887,1228
48113014142,32.930419,-96.947932,2320,350
48085031507,33.109385,-96.687975,7056,4245
48439111506,32.71444,-97.163867,6500,3125
48113014153,32.848015,-96.997728,3982,3042
48439101201,32.774307,-97.270403,2021,9968
48113016617,32.613167,-96.886941,4514,86
48085030538,33.181044,-96.74275,5584,931
48251130602,32.299616,-97.457441,2860,353
48439113943,32.961976,-97.260678,5611,8480
48113018157,32.927659,-96.580116,3583,162
48113013715,32.9503,-96.876513,2338,63
48439113519,32.873402,-97.089757,6824,1308
48397040203,32.972654,-96.450432,1670,474
48113013631,32.940249,-96.80574,2097,40
48113000606,32.815137,-96.8023,3170,4572
48085031325,33.027383,-96.648072,2188,176
48113017309,32.734734,-96.540392,3381,157
48439110805,32.751283,-97.492849,6959,802
48113007916,32.859894,-96.757413,1244,48
48439113511,32.826177,-97.116048,4091,5282
48085031329,33.029726,-96.600582,6772,332
48113016533,32.691801,-96.920196,3862,6916
48085030604,33.240444,-96.640759,3353,2668
48121021755,33.094217,-97.116913,9181,633
48085031332,33.017935,-96.582606,5218,151
48257051201,32.498393,-96.217802,3817,804
48113017310,32.740086,-96.54817,3603,61
48439113214,32.871261,-97.232393,5756,457
48085031904,32.999813,-96.702445,3300,8470
48439113624,32.855859,-97.116062,4211,633
48085030533,33.127385,-96.778227,3355,131
48367140714,32.752581,-97.642449,5624,2184
48113015500,32.751816,-97.009352,3604,1550
48439113935,32.925037,-97.289804,3920,819
48439113916,32.867942,-97.29803,4617,1086
48113007828,32.914338,-96.74893,4047,1459
48439113510,32.845564,-97.073646,6617,989
48113018204,32.900343,-96.625515,4504,253
48251130900,32.358325,-97.375247,3122,258
48085031422,33.078116,-96.663322,4006,3821
48113012302,32.809342,-96.674457,8092,844
48257050214,32.744254,-96.466103,2839,2373
48113007701,32.868369,-96.790881,2498,895
48113017008,32.672916,-96.544192,8361,1215
48121021615,32.995437,-96.879004,4692,210
48113014310,32.858734,-96.981669,4965,198
48085030543,33.14719,-96.693942,3672,883
48113007832,32.868682,-96.754583,2677,55
48113016527,32.646026,-96.968052,4326,609
48439114107,32.869198,-97.438557,4428,912
48139060218,32.479518,-96.776222,2768,88
48085031613,33.048672,-96.743275,5612,1675
48085032008,33.037994,-96.675169,4377,484
48085031666,33.106642,-96.742261,5701,413
48113019031,32.972715,-96.674666,6345,538
48113019048,32.934367,-96.656698,3299,191
48113007825,32.893366,-96.733567,4935,338
48251130604,32.27291,-97.426577,3353,436
48439113949,32.917135,-97.279398,3121,406
48113013721,32.976376,-96.86865,5988,1016
48439111104,32.667871,-97.272848,3011,1178
48439113118,32.767835,-97.102242,3006,1285
48113980000,32.886904,-97.018146,3,14381
48085031671,33.07442,-96.820573,2528,11530
48113008401,32.769077,-96.709252,5219,58
48121021000,33.206203,-97.146406,5633,9306
48439111020,32.628602,-97.348561,4764,243
48397040410,32.958857,-96.33849,4135,352
48113014701,32.833355,-96.927002,4669,1024
48113018156,32.915297,-96.579399,4744,1473
48439113923,32.873168,-97.309916,4254,1247
48085030548,33.205263,-96.684657,4794,832
48439113906,32.958959,-97.170874,7587,6479
48439106522,32.770245,-97.206464,4195,702
48113000609,32.828595,-96.820635,1878,490
48085031815,32.99157,-96.71931,3951,1255
48113018506,32.902945,-96.711169,2771,30038
48113003700,32.76314,-96.762442,3607,219
48439113409,32.813243,-97.196129,2519,884
48113001703,32.798876,-96.79731,4555,2542
48439105515,32.637346,-97.401687,5981,737
48113012502,32.831352,-96.669298,4111,480
48113000503,32.808378,-96.815573,2752,287
48257050204,32.752526,-96.4134,9513,1525
48439111536,32.700922,-97.049606,3392,3771
48139060105,32.454254,-96.628598,4310,299
48439106514,32.752953,-97.169155,6076,1338
48397040509,32.838038,-96.354542,2468,294
48121021726,33.016741,-97.056771,3107,380
48439105007,32.853609,-97.30246,6209,8051
48439111003,32.654413,-97.342834,3788,328
48113017311,32.760804,-96.57812,3863,205
48139060209,32.484993,-96.873854,5901,2036
48085030520,33.182655,-96.793091,6791,337
48251130214,32.473425,-97.393636,6306,2195
48439113710,32.957142,-97.095261,3688,72
48121021744,33.038531,-97.012086,3781,1177
48121021534,33.114207,-96.915334,6302,416
48439111546,32.681479,-97.175121,6375,1219
48439111565,32.590271,-97.061871,6070,324
48139060803,32.475645,-97.059874,1903,961
48113010903,32.667931,-96.887858,3368,2819
48113007205,32.863016,-96.867579,4421,184
48113017005,32.663225,-96.597609,4958,682
48121020318,33.146262,-97.183073,5862,1204
48113018129,32.844194,-96.613841,4504,1739
48113001602,32.793985,-96.788908,2446,26414
48113013008,32.883961,-96.722133,3738,235
48439121605,32.748662,-97.12551,2958,1284
48439104604,32.710981,-97.288001,3468,1099
48085031417,33.123509,-96.690429,6840,656
48439111204,32.566756,-97.276704,5727,2015
48397040513,32.885663,-96.397646,4435,573
48439111541,32.651718,-97.109341,4153,208
48085030403,33.16319,-96.81129,5616,1239
48439114111,32.956446,-97.385943,2680,1862
48113014143,32.900604,-96.947186,4682,9293
48121020125,33.226162,-96.911436,7979,350
48113018135,32.885777,-96.529269,5182,127
48113013010,32.868737,-96.682897,4691,1193
48121021204,33.191172,-97.094235,3626,7009
48121021620,33.008987,-96.961655,3859,1163
48085030101,33.274582,-96.422938,3595,423
48113010602,32.772381,-96.909964,3135,643
48085031621,33.02144,-96.781836,5624,11618
48085031676,33.046702,-96.783659,4082,1377
48085031655,33.031475,-96.784955,4731,2059
48139060400,32.377651,-96.832522,5272,2003
48439114006,32.853,-97.374637,6775,612
48085031639,33.107006,-96.760331,7146,919
48121020321,33.016971,-97.188769,6438,563
48113018111,32.865896,-96.618062,6879,1109
48113018132,32.838797,-96.579337,5343,2843
48439101500,32.743918,-97.277111,4549,1415
48113016709,32.623111,-96.798602,4532,12511
48113016530,32.610922,-96.940645,4276,459
48113001002,32.816108,-96.776081,2116,1713
48085031663,33.082476,-96.783518,3846,356
48113013605,32.969679,-96.777037,5709,1365
48085030605,33.22388,-96.652939,6758,1736
48439104505,32.710051,-97.313565,4868,636
48257051202,32.485141,-96.342828,5890,1412
48113014158,32.867262,-96.985601,3090,5453
48113016623,32.562189,-96.874559,8279,289
48113009401,32.870829,-96.851922,3487,119
48113013101,32.902311,-96.778561,2757,1992
48439110103,32.829379,-97.268626,4269,363
48113017820,32.809844,-96.64367,3215,357
48113019102,32.947421,-96.722034,5008,1717
48113007829,32.915752,-96.760246,2602,2917
48439111312,32.581598,-97.114499,3452,2760
48439111526,32.702999,-97.138678,4454,1680
48439113619,32.818253,-97.143194,5939,173
48439113638,32.848473,-97.107049,1823,2587
48113014317,32.857853,-96.952551,1647,20
48085031723,33.009424,-96.824619,3777,97
48257050215,32.720839,-96.470796,7163,246
48113015101,32.793966,-96.948893,4319,193
48397040103,32.961569,-96.472524,4483,650
48439110907,32.672202,-97.478646,3687,1025
48113016528,32.654793,-96.95576,4893,689
48439114108,32.887589,-97.445678,5028,645
48113011902,32.741759,-96.642171,5165,829
48121021730,33.015286,-97.026329,3625,342
48113020100,32.816397,-96.911268,2428,12410
48139060219,32.471551,-96.812879,4929,1180
48113016002,32.737579,-96.999954,2945,398
48113019013,32.914003,-96.676838,5133,1976
48085031902,33.018446,-96.703627,3724,20166
48085030509,33.12202,-96.792163,2507,197
48113016631,32.589864,-96.898586,5087,96
48439113946,32.897806,-97.281395,5565,839
48251130205,32.548627,-97.335002,3701,716
48113019900,32.738106,-96.888025,3884,3579
48367140601,32.725438,-97.92945,9040,3478
48121021631,33.017494,-96.895937,5302,1052
48113016517,32.639747,-96.90194,4602,2925
48121021537,33.141894,-96.924624,5374,462
48113013615,32.936203,-96.80932,5351,4948
48439105503,32.653277,-97.397814,6249,643
48113013722,32.979939,-96.856355,4640,9117
48439111027,32.601471,-97.325081,4482,952
48139060900,32.339128,-96.996399,7884,1159
48113020800,32.755465,-96.752037,6593,344
48367140503,32.834413,-97.816953,5058,683
48439100602,32.778599,-97.418731,4754,21025
48085031715,33.008358,-96.805755,2703,116
48085030549,33.168618,-96.67838,2612,294
48397040408,32.920467,-96.37825,3054,1120
48439100505,32.815948,-97.389335,5070,161
48113000405,32.813998,-96.820217,2231,826
48113000608,32.817297,-96.812674,2177,934
48085030519,33.192339,-96.799063,8888,2016
48085031408,33.09257,-96.619223,3495,723
48113013107,32.892312,-96.772625,4475,718
48113016610,32.610878,-96.832699,4790,999
48085030529,33.181776,-96.72622,3710,493
48367140713,32.687612,-97.580161,5565,587
48439113951,32.931242,-97.235596,3291,7278
48439104503,32.693515,-97.325261,2667,1589
48085031808,33.013404,-96.724613,3273,1871
48113014135,32.973649,-96.980537,4809,1596
48113018001,32.83343,-96.644425,7529,411
48113009002,32.753845,-96.673185,4108,270
48113009500,32.888581,-96.84727,2375,850
48251130304,32.398524,-97.345454,5487,1091
48121021725,33.024979,-97.063077,3565,1616
48439113613,32.845591,-97.175085,4246,5259
48113017102,32.671548,-96.636221,6070,255
48113008604,32.718376,-96.769527,3247,159
48121020305,33.006138,-97.167997,7960,1045
48085030535,33.194245,-96.688708,2786,351
48113018150,32.92467,-96.533062,4248,260
48439105407,32.701523,-97.419074,2552,374
48085030302,33.245198,-96.75016,5812,945
48113015303,32.800172,-97.023738,1973,5440
48439113918,32.870522,-97.285138,5115,552
48439110901,32.708123,-97.461692,5326,706
48113016522,32.599737,-96.959945,3700,4534
48439111570,32.687437,-97.07375,4720,1559
48113017704,32.777504,-96.60729,6376,3789
48121021535,33.13789,-96.90661,3809,79
48121021514,33.082331,-97.061212,4238,371
48121021651,33.040032,-96.866325,6584,2177
48113019020,32.939654,-96.67286,5611,323
48113013726,32.944217,-96.847796,2854,1654
48113014130,32.91923,-96.949679,5185,940
48439113924,32.887081,-97.300326,5527,298
48113001601,32.799433,-96.789013,3249,2908
48113018158,32.781415,-96.570535,4186,3426
48439113520,32.871572,-97.0746,5339,212
48113013718,32.960996,-96.891103,4579,1375
48121021731,33.01104,-97.011906,3462,496
48257050704,32.642521,-96.198663,6300,762
48439113222,32.84004,-97.19781,3098,1610
48113014140,32.862062,-97.000464,2329,38
48113014320,32.878951,-96.96945,2747,463
48397040511,32.832224,-96.485907,3000,246
48439111407,32.633036,-97.146041,3894,1417
48085031711,33.002256,-96.83672,3265,1153
48113014306,32.845706,-96.983083,5978,1997
48113015700,32.753849,-96.969051,2499,1265
48113008705,32.687068,-96.777888,1715,263
48113010808,32.717026,-96.907245,3616,144
48367140414,32.845692,-97.584005,3498,178
48085032010,33.015307,-96.653491,5839,2249
48439121612,32.746706,-97.1575,3514,596
48113021000,32.739249,-96.805565,5547,937
48121021522,33.118118,-96.881323,4364,386
48085031677,33.082943,-96.761393,3073,243
48113019024,32.938848,-96.689246,4164,1343
48439104302,32.716832,-97.348628,3024,634
48121021645,33.039789,-96.93635,2083,1607
48439113957,32.932531,-97.136099,4853,4353
48121021415,33.176804,-97.070989,9881,1904
48085030546,33.209221,-96.721201,5611,761
48397040409,32.927443,-96.36154,4871,861
48113013626,32.934846,-96.816253,3003,8397
48113016708,32.624221,-96.794621,6654,146
48113011003,32.680202,-96.846874,4221,141
48113017314,32.727608,-96.584958,8020,366
48113011701,32.710248,-96.658706,6420,402
48439105513,32.671919,-97.414515,3008,1006
48439113931,32.904338,-97.32644,12771,3454
48085031511,33.084045,-96.670597,5447,9584
48121021613,33.003558,-96.892348,5579,1131
48113012208,32.798546,-96.722186,2530,118
48439113115,32.771953,-97.069,3948,2297
48113017816,32.795558,-96.644561,4289,228
48439103800,32.721199,-97.303572,4101,558
48439113301,32.816296,-97.224531,4317,1038
48085030802,33.19172,-96.624687,6099,3263
48113007809,32.859448,-96.741614,2847,1311
48439100102,32.779467,-97.309722,4618,615
48113001301,32.80628,-96.752777,2715,237
48139060207,32.523825,-96.779091,7247,1223
48121021422,33.153855,-97.119036,5070,1067
48121021538,33.142943,-96.855653,6745,1434
48113011202,32.677801,-96.814074,2890,305
48113018501,32.887,-96.66029,3985,13701
48439113112,32.767948,-97.108555,2127,1612
48113017811,32.819136,-96.60532,4688,380
48439114013,32.841778,-97.379138,7178,1963
48439101402,32.738491,-97.262812,3874,779
48439110705,32.772472,-97.465561,3966,428
48113012801,32.86106,-96.688228,2730,411
48113000801,32.80582,-96.782984,3602,613
48121021737,32.993678,-96.989281,4908,3493
48439113404,32.830085,-97.174745,6182,2711
48251131000,32.330657,-97.401284,4915,189
48085031101,33.173911,-96.363139,5837,1421
48113010102,32.782779,-96.837546,2679,798
48085031717,33.006895,-96.798537,2037,261
48251130417,32.414332,-97.202871,5221,2632
48397040301,32.908636,-96.512718,5438,916
48121020402,33.237642,-97.15312,5379,4316
48257051302,32.379477,-96.294339,3199,90
48113013719,32.98332,-96.907272,4257,9096
48439105902,32.680746,-97.300084,7360,287
48439111556,32.699054,-97.067439,5797,517
48113019035,32.912014,-96.723422,5310,2081
48439113403,32.830137,-97.191741,2676,3194
48439111024,32.62218,-97.377333,4265,133
48085030903,33.176571,-96.612461,7763,5939
48113014309,32.857427,-96.989796,5000,1726
48439121906,32.717317,-97.070316,4283,181
48439103500,32.731751,-97.279534,5838,1274
48439106006,32.641369,-97.340813,4815,207
48439111411,32.647959,-97.210471,5789,1213
48439111553,32.685822,-97.138485,4280,1851
48113009001,32.764769,-96.677354,4711,1801
48439100504,32.796367,-97.388509,4781,174
48439111103,32.66843,-97.258877,4238,542
48439111019,32.628497,-97.335761,5466,1964
48121021759,33.04233,-97.064093,2164,2587
48367140707,32.713211,-97.623443,4100,1831
48251130212,32.516597,-97.464777,5888,217
48121021653,33.061807,-96.881816,2824,2997
48439113004,32.770284,-97.040036,2385,1839
48113011802,32.727051,-96.654995,4336,331
48113020200,32.680881,-96.749932,4416,695
48139060103,32.524675,-96.726122,4681,257
48113017602,32.76894,-96.638583,4361,2746
48113016707,32.608565,-96.793561,4521,269
48439104804,32.689461,-97.35371,2776,1742
48113016710,32.659814,-96.765093,4667,1435
48085031809,33.006642,-96.71637,1970,313
48113004300,32.773567,-96.836728,5459,5537
48085030406,33.132203,-96.812357,5622,1753
48113001101,32.814626,-96.766016,3812,965
48439102102,32.7619,-97.369588,2931,761
48113016636,32.626256,-96.900751,2927,576
48113012212,32.797503,-96.70604,3462,1842
48439123002,32.740518,-97.420009,3109,1573
48397040305,32.91998,-96.444627,3370,7468
48121020403,33.223971,-97.147,4142,2500
48085031326,33.057278,-96.611745,6305,954
48113017705,32.786926,-96.602198,3097,1631
48113014149,32.92423,-96.958921,3647,298
48113008801,32.716709,-96.793614,2717,380
48439111531,32.667684,-97.17813,4585,503
48439113623,32.862764,-97.118891,3520,980
48113007912,32.861408,-96.76614,2112,3839
48085031646,33.051446,-96.814272,6402,1692
48439114206,32.839376,-97.516049,4362,361
48439104803,32.695696,-97.345968,6112,318
48439113925,32.878232,-97.296136,3987,49
48085030608,33.194243,-96.648,2508,943
48439104100,32.723339,-97.337526,3326,644
48113014155,32.942662,-96.957412,5437,142
48439111317,32.573386,-97.219567,5000,775
48397040412,32.916637,-96.321894,1265,51
48439113521,32.859143,-97.071348,3981,38
48121020508,33.239733,-97.127171,2408,64
48439113628,32.841951,-97.119765,4994,1882
48121020207,33.320531,-97.210153,3685,615
48439114203,32.942612,-97.524122,6674,363
48085031330,33.040557,-96.581833,5905,616
48439111408,32.627968,-97.185439,4936,847
48439113102,32.784295,-97.10851,4787,244
48113007824,32.878385,-96.737854,1969,212
48121021305,33.184753,-97.119017,3801,3836
48113016519,32.653336,-96.934143,2486,967
48439113207,32.88668,-97.226544,4194,150
48085030205,33.336843,-96.572078,4869,419
48439111021,32.59248,-97.374499,4174,223
48113011002,32.682309,-96.833567,3099,749
48113014123,32.977992,-96.964303,6234,975
48121021646,33.025366,-96.938917,6426,591
48439113956,32.958483,-97.13831,5121,10108
48113003102,32.77924,-96.802493,1286,29184
48113017604,32.741601,-96.618185,3425,271
48113017204,32.711609,-96.613858,4532,329
48439113716,32.947847,-97.069421,3334,1649
48085030547,33.211802,-96.707572,5715,875
48439123301,32.748885,-97.34246,2511,13052
48113013627,32.973067,-96.827591,1585,8735
48113013806,32.934282,-96.839205,3628,39811
48113016532,32.627499,-96.916975,2493,209
48085031665,33.11674,-96.743171,3414,590
48113019016,32.919024,-96.738572,2699,1401
48113018206,32.885753,-96.626802,4700,715
48113019044,32.927883,-96.691528,4066,61
48251130405,32.535652,-97.241034,6564,680
48121021740,33.022925,-96.999849,5195,831
48121021612,33.005219,-96.904772,3770,185
48439103702,32.72281,-97.264735,2911,105
48113012209,32.811071,-96.70534,2704,144
48085031806,32.99997,-96.735698,2454,291
48439113513,32.82917,-97.077584,6508,193
48113017815,32.799924,-96.634637,3285,3073
48113011500,32.750241,-96.739681,4588,34
48439113711,32.947857,-97.099123,4228,925
48113019212,32.933554,-96.75982,3044,14
48113019029,32.948662,-96.66602,6525,712
48439113814,32.899653,-97.200284,4509,959
48113020600,32.872536,-96.824412,2478,1052
48113016618,32.605644,-96.864758,5290,949
48251130603,32.284884,-97.352646,4235,576
48085030304,33.247897,-96.805003,7973,6039
48085031721,33.008546,-96.836967,2303,41
48121021423,33.142814,-97.115277,3606,123
48121021532,33.086081,-96.861861,4105,1344
48121021630,33.021086,-96.907909,5457,640
48113008200,32.840419,-96.696529,4156,1575
48113007702,32.871759,-96.797682,3546,369
48085031327,33.021203,-96.624868,4347,2153
48113011300,32.671605,-96.798787,5417,359
48439106526,32.795954,-97.188657,7121,807
48113001503,32.80244,-96.777329,1958,882
48113007835,32.898024,-96.725425,2881,314
48113000605,32.809637,-96.80669,2404,6466
48121021715,33.061866,-97.034967,4722,451
48121021734,33.012089,-96.990295,3569,171
48257050701,32.65331,-96.335068,5571,1389
48439110806,32.752872,-97.51258,5684,69
48085030524,33.209943,-96.752306,8990,1727
48113016627,32.585174,-96.833545,1657,392
48439105206,32.727525,-97.470541,2288,195
48257050208,32.759288,-96.473554,4034,619
48439122901,32.717282,-97.089676,3979,87
48085031716,33.001613,-96.803417,2378,1568
48439104400,32.707495,-97.338199,5241,508
48367140411,32.870129,-97.720451,5451,662
48439111540,32.663615,-97.10573,6403,3911
48121021756,32.997161,-97.070237,4222,1041
48113015001,32.804768,-96.932928,5186,297
48439111316,32.613971,-97.091949,7163,39
48439113215,32.869807,-97.218778,4742,321
48121020505,33.243138,-97.107967,7637,313
48085030511,33.138172,-96.764018,14451,1106
48085030532,33.119799,-96.778868,3015,390
48113016416,32.637631,-97.02963,3116,306
48439110402,32.803573,-97.401707,5454,1010
48251130218,32.53954,-97.34155,3261,2268
48085030902,33.172477,-96.576888,6,644
48113014308,32.842408,-96.955839,4275,794
48439113934,32.924855,-97.297648,7215,1338
48139061402,32.342265,-96.647262,5747,502
48113018127,32.853333,-96.638632,3264,799
48113014601,32.832949,-96.950078,2483,1622
48085031421,33.065145,-96.66485,4573,140
48439105520,32.655747,-97.435931,2514,517
48439110202,32.80226,-97.282104,4108,846
48439111102,32.652587,-97.26865,6799,1724
48113017009,32.690748,-96.569635,5842,81
48121021614,33.004797,-96.879602,3650,751
48121021635,33.003559,-96.848165,4550,331
48251130213,32.464829,-97.450304,5456,99
48439122200,32.741534,-97.106776,2095,3088
48439106002,32.65555,-97.304274,3949,13643
48113016706,32.608235,-96.775394,2513,362
48085031811,33.003321,-96.763128,1968,1162
48085031631,33.076385,-96.715928,4581,802
48121021533,33.106477,-96.861826,6188,440
48085031669,33.059982,-96.836939,2624,1797
48439113812,32.902544,-97.244119,5517,2053
48121020312,33.012264,-97.261777,7610,7510
48121020129,33.313506,-96.895173,4232,1264
48113019203,32.956596,-96.74389,3957,2144
48113012206,32.786475,-96.708244,4830,429
48113018154,32.978479,-96.572547,5595,430
48113010805,32.709837,-96.881238,5578,953
48113017308,32.744582,-96.558682,4243,216
48085031625,33.03381,-96.761342,4339,628
48085031672,33.060091,-96.803476,2263,15883
48121020122,33.231202,-96.959275,4277,250
48121021621,32.998517,-96.91549,3634,4032
48121021728,32.997899,-97.017449,3693,4738
48113016201,32.72454,-97.004879,4564,116
48397040503,32.888612,-96.453991,6943,4536
48085031816,32.992065,-96.694502,3228,7483
48439105514,32.673779,-97.404152,2734,4706
48113012501,32.827788,-96.663142,3674,28
48113006302,32.724714,-96.847136,4142,362
48113014154,32.849335,-97.00518,3525,621
48439111309,32.558333,-97.131322,4360,2335
48439111514,32.661177,-97.083234,6890,2563
48085030506,33.109786,-96.796338,4543,4194
48439106515,32.769543,-97.227666,4370,226
48367140403,32.97233,-97.675971,7954,2131
48113013202,32.917098,-96.774417,5342,26512
48113014207,32.873263,-96.936173,2656,13992
48251130502,32.266714,-97.265039,4267,1201
48113017312,32.752057,-96.575163,4073,131
48439105009,32.819737,-97.326064,7205,27263
48251130215,32.529952,-97.374562,7212,1569
48113004600,32.746992,-96.84393,1877,1417
48113007302,32.857427,-96.835473,3949,2169
48113016626,32.584658,-96.937456,5019,1405
48439106509,32.783213,-97.159833,5704,4504
48439110704,32.748329,-97.455602,4653,3292
48439106520,32.762665,-97.231307,3717,873
48439122600,32.714802,-97.138419,4071,1441
48113007204,32.862405,-96.873838,4485,510
48113006900,32.760207,-96.868003,3562,601
48367140504,32.927408,-97.856469,3994,417
48113013009,32.888416,-96.714228,4825,749
48439122702,32.713177,-97.126977,2772,12047
48121021717,33.049739,-97.036062,5438,464
48397040512,32.899271,-96.433816,4888,336
48439111542,32.635174,-97.108905,6330,220
48439111561,32.640083,-97.082619,4909,181
48439113512,32.830162,-97.122404,6249,4868
48085031810,33.000477,-96.715751,1854,3885
48439114112,32.980539,-97.397389,5902,522
48121020124,33.240095,-96.902013,3061,71
48113015102,32.804475,-96.953356,2417,132
48257051100,32.578832,-96.303809,5138,2553
48113018134,32.902217,-96.525126,5570,341
48113019028,32.956446,-96.675245,3708,349
48113016619,32.613048,-96.850521,3731,566
48113016638,32.633709,-96.879119,1983,1018
48113014002,32.920958,-96.919202,1985,45721
48113010601,32.787275,-96.901897,5540,1597
48439106502,32.753816,-97.226121,3140,854
48113006800,32.754433,-96.863996,5012,937
48439113517,32.857478,-97.078484,4264,168
48439105505,32.67009,-97.392152,4911,935
48113016419,32.692558,-97.016692,5520,4716
48439102602,32.7306,-97.384811,3508,4029
48439110206,32.853425,-97.271985,3513,997
48113020700,32.966814,-96.866601,5178,6604
48439110807,32.727834,-97.507705,7063,2342
48085030525,33.195438,-96.723608,5966,533
48113018140,32.917436,-96.561998,5572,2268
48439105207,32.733664,-97.469477,3199,408
48139061600,32.338179,-96.620799,6928,4914
48113006402,32.726449,-96.873695,4929,364
48113015306,32.797812,-96.984511,5559,1070
48113013620,32.963675,-96.816162,6205,8363
48085030409,33.141989,-96.815339,3619,933
48439111560,32.640345,-97.094951,5694,184
48113015002,32.79661,-96.935056,3054,451
48085031333,33.005696,-96.620299,3826,636
48439113632,32.90208,-97.112827,5037,1114
48439105600,32.677865,-97.366389,5344,244
48113014126,32.962064,-97.00355,6994,27732
48085030531,33.183254,-96.706176,6856,1441
48113016417,32.651542,-97.025848,6213,152
48439106101,32.691373,-97.255681,1946,4258
48113008000,32.831775,-96.742371,7652,1122
48439110102,32.808165,-97.267396,4659,5640
48085030550,33.159538,-96.671019,4218,558
48113017201,32.725627,-96.622517,6268,3028
48439113937,32.905381,-97.310827,8,2719
48113009103,32.739723,-96.7033,3641,89
48113014144,32.885672,-96.945319,5471,5890
48439111319,32.572608,-97.080301,8585,1985
48439113639,32.890213,-97.169668,7247,2237
48121020120,33.175027,-96.904645,5925,257
48113014316,32.848424,-96.970593,3918,626
48121021634,33.005932,-96.852502,5215,87
48113007834,32.901396,-96.722609,2916,104
48113016529,32.618679,-96.954871,3374,36
48439114109,32.904225,-97.363196,13840,620
48113000401,32.811587,-96.828987,4972,2046
48113017703,32.78397,-96.616035,4996,286
48113016001,32.735925,-97.009907,4624,385
48113012603,32.84079,-96.658222,2020,80
48113015207,32.793373,-96.966659,4022,409
48439113813,32.899893,-97.227156,5111,715
48439113947,32.906413,-97.279169,3963,470
48397040406,32.944811,-96.388589,4055,292
48113001801,32.803907,-96.801553,2763,2876
